idx,market_id,title,market_slug,event_slug,event_title,stratum,stored_label,classifier_call,batch_position,title_len,has_slug_context,m9_keyword_path,provisional_verdict,subtype,provisional_reason
1,0x08aa2a321938ab99bb9ffc7dbafbbe512fff9d5eece4c5cc87fa6e51b0b4632c,Will Florida be Trump's best state on March 19?,will-florida-be-trumps-best-state-on-march-19,trumps-best-state-on-march-19,Trump's best state on March 19?,gamma_backfill,Elections,NotRelevant,8,47,Y,Y,GENUINELY_AMBIGUOUS,polling-adjacent,"Trump-branded 'best state' ranking gimmick; not a vote/office outcome nor his official conduct -- resembles approval-style tracking, defensibly either way"
2,0x1ba687c15f74315948eabda2f8ade2971784424bcd8291dbf1a2f76818586c10,"Will Trump say ""Colorado"" during his FOX Noticias interview?",will-trump-say-colorado-during-his-fox-noticias-interview,what-will-trump-say-during-fox-noticias-interview-on-april-15-16,What will Trump say during FOX Noticias interview on April 15-16?,gamma_backfill,Elections,NotRelevant,20,60,Y,Y,CLASSIFIER_MISS,say/post-prop,explicit 'will Trump say X during [event]' appearance-prop scoped to a political interview -- textbook prompt carve-in
3,0x42276c0a2a8b4416d4e96643eb27f95bf71e4632d64f8b0fc86050e9c1e43c06,"Will Trump say ""Constitutional"" during today's event with the Governor of Louisiana?",will-trump-say-constitutional-during-todays-event-with-the-governor-of-louisiana,what-will-trump-say-during-todays-event-with-the-governor-of-louisiana,What will Trump say during today's event with the Governor of Louisiana?,gamma_backfill,Elections,NotRelevant,15,84,Y,Y,CLASSIFIER_MISS,say/post-prop,"same carve-in, scoped to an official gubernatorial event"
4,0x4230df24c21af4c7c091e85680d62d35f7cbbb03373247685c01c65c19b6e072,"Will Trump say ""MAGA"" during his Mar-a-Lago press conference?",will-trump-say-maga-during-his-mar-a-lago-press-conference,what-will-trump-say-during-mar-a-lago-press-conference,What will Trump say during Mar-a-Lago press conference?,gamma_backfill,Elections,NotRelevant,19,61,Y,Y,CLASSIFIER_MISS,say/post-prop,"same carve-in, scoped to a press conference"
5,0x5120003ac4bdaa91706027d530637e964a59d854d01467db323cf37c37eefe3a,"Will anyone say ""Uganda"" or ""Venezuela"" during 1st NYC mayoral debate on October 16?",will-anyone-say-uganda-or-venezuela-during-1st-nyc-mayoral-debate-on-october-16-537,what-will-be-said-at-1st-nyc-mayoral-debate-on-october-16-288,What will be said at 1st NYC mayoral debate on October 16?,gamma_backfill,Elections,NotRelevant,20,84,Y,Y,CLASSIFIER_MISS,say/post-prop,'anyone say X' scoped to an official NYC mayoral debate -- political event
6,0xaaa219cff0f1a418e0fa2aa11b47a3bc642e499dffc19312c55b25fad570bd18,"Will Trump say ""Family"" or ""Friend"" 3+ times at Christmas Tree Lighting on December 4?",will-trump-say-family-or-friend-3-times-at-christmas-tree-lighting-on-december-4,what-will-trump-say-during-christmas-tree-lighting-on-december-4,What will Trump say during Christmas Tree Lighting on December 4?,gamma_backfill,Elections,NotRelevant,15,86,Y,Y,CLASSIFIER_MISS,say/post-prop,scoped to an official WH event (Christmas Tree Lighting)
7,0xafbd33d7fe0c91e1c8b52fa7a5355218edf469a2962f93331e2ae2286ebd2793,"Will Trump say ""Bitcoin"" or ""Crypto"" at CPAC conference on Saturday?",will-trump-say-bitcoin-or-crypto-at-cpac-conference-on-saturday,what-will-trump-say-at-cpac-conference-on-saturday,What will Trump say at CPAC conference on Saturday?,gamma_backfill,Elections,NotRelevant,10,68,Y,Y,CLASSIFIER_MISS,say/post-prop,"scoped to CPAC, a political conference"
8,0xb5a2b3f39ffab4daea8a0cbfd07374dc61016aba17b5c9d3cc38b709f0302182,Will Trump tweet 30-34 times October 4-11?,will-trump-tweet-30-34-times-october-4-11,donald-trump-of-tweets-oct-4-11,Donald Trump # of tweets Oct 4-11?,gamma_backfill,Elections,NotRelevant,6,42,Y,Y,CLASSIFIER_MISS,tweet-count,Trump tweet-count market; his social-media conduct in office
9,0xb671e3a9870ae8a9c7c1487d72b5315fa10a0984cd9e6ac5b085184c11e973bd,Will Trump's UN speech be between 40 and 45 minutes?,will-trumps-un-speech-be-between-40-and-45-minutes-745,how-many-minutes-will-trumps-un-speech-be,How many minutes will Trump's UN Speech be? ,gamma_backfill,Elections,NotRelevant,18,52,Y,Y,CLASSIFIER_MISS,speech-length,UN speech duration -- appearance scoped to a diplomatic/political event
10,0xbc42c868e9aa469f51412f133a82824cd962a55383e7987e2ce19aa947c78784,"Will ""Trump"" be in the manifesto?",will-trump-be-in-the-manifesto,brian-thompson-perp-manifesto-mentions,What will Luigi Mangione say in his manifesto?,gamma_backfill,Elections,NotRelevant,5,33,Y,Y,STORED_LABEL_ERROR,personal/unrelated,"about whether 'Trump' appears in Luigi Mangione's manifesto -- not Trump's conduct, keyword collision on his name"
11,0xbfdf11340f4fc30d4990385a781d7e7c4e27b8a87b69843b88b04cb0137b5632,Will Joe Biden rank in Google’s Top 5 Most Searched People of 2025?,will-joe-biden-rank-in-googles-top-5-most-searched-people-of-2025,top-5-most-searched-people-on-google-2025,Top 5 Most Searched People on Google 2025,gamma_backfill,Elections,NotRelevant,5,67,Y,Y,STORED_LABEL_ERROR,personal/popularity,"Google search-ranking popularity contest, not a vote or official conduct"
12,0xc040d6c7cd13bd943ba23ae3b56480d193e236ecd1ad647b459452f4f1e782a0,"Will anyone say ""Tariff"" 5+ times during 1st NYC mayoral debate on October 16?",will-anyone-say-tariff-5-times-during-1st-nyc-mayoral-debate-on-october-16-684,what-will-be-said-at-1st-nyc-mayoral-debate-on-october-16-288,What will be said at 1st NYC mayoral debate on October 16?,gamma_backfill,Elections,NotRelevant,11,78,Y,Y,CLASSIFIER_MISS,say/post-prop,scoped to an official NYC mayoral debate
13,0xc0aab08b57fd685ad90b7619b18032475e2400d650f6c2d9ed73d9a9adc251ac,"Will Trump say ""Million"" or ""Billion"" or ""Trillion"" 10+ times during Norway PM events on April 24?",will-trump-say-million-or-billion-or-trillion-10-times-during-norway-pm-events-on-april-24,what-will-trump-say-during-events-with-norway-pm-on-april-24,What will Trump say during events with Norway PM on April 24?,gamma_backfill,Elections,NotRelevant,10,98,Y,Y,CLASSIFIER_MISS,say/post-prop,scoped to Norway PM events -- diplomatic appearance
14,0xc226bfae5a4319eeee04d6c64e0993728b6c375bedde7a990ce2d308da3cd3f7,Will Kanye West perform the star spangled banner at Trump's inauguration?,will-kanye-wes-perform-the-star-spangled-banner-at-trumps-inauguration,who-will-perform-the-star-spangled-banner-at-trump-inauguration,Who will sing the national anthem at Trump inauguration? ,gamma_backfill,Elections,NotRelevant,4,73,Y,Y,STORED_LABEL_ERROR,personal/entertainment,"market resolves on Kanye West's performance, not on Trump's own conduct"
15,0xcd4e5bf8cefe10729cd72eeca5724469b8b4c675c822962f991a6b5cd4cc2592,"Will Keir Starmer say ""Covid"" or ""Pandemic"" during the next Prime Minister's Questions?",will-keir-starmer-say-covid-or-pandemic-during-the-next-prime-ministers-questions,what-will-keir-starmer-say-at-the-next-prime-ministers-questions-event,What will Keir Starmer say at the next Prime Minister's Questions event? ,gamma_backfill,Elections,NotRelevant,9,87,Y,Y,CLASSIFIER_MISS,say/post-prop,"scoped to PMQs, an official parliamentary event (Starmer)"
16,0xe1c263e49c3b756332140d12142fe37911a19f76f308c850b3148f8ff387ea28,Will Trump’s approval rating be between 45.0% and 45.4% on September 26?,will-trumps-approval-rating-be-between-45pt0-and-45pt4-on-september-26,trump-approval-rating-on-september-26,Trump approval rating on September 26?,gamma_backfill,Elections,NotRelevant,13,72,Y,Y,GENUINELY_AMBIGUOUS,approval-rating,"approval-rating tracking is political-figure-adjacent but is a poll number, not a vote outcome or 'official conduct' under the rubric's literal text"
17,0xe9aa1dc853b0280427274e950975974506d9e5f4f5bc897f3a87a5d591e964ae,Will Trump’s approval rating be 43.5–43.9% on September 5?,will-trumps-approval-rating-be-43pt543pt9-on-september-5,trump-approval-rating-on-september-5,Trump approval rating on September 5?,gamma_backfill,Elections,NotRelevant,12,58,Y,Y,GENUINELY_AMBIGUOUS,approval-rating,same as above
18,0xe9f9a83f98e1bfcc01e5e79ecafb648f8843be2e2d36121fa331ede382c91f89,"Will Trump say ""MAGA"" 4 or more times during his Arizona rally?",will-trump-say-maga-4-or-more-times-during-his-arizona-rally,what-will-trump-say-during-arizona-rally,What will Trump say during Arizona rally?,gamma_backfill,Elections,NotRelevant,9,63,Y,Y,CLASSIFIER_MISS,say/post-prop,scoped to an official campaign rally
19,0xf207bc37c2ca219dfcac4b02708a1e2c3cfa100873a966a2052836b0d88849c4,Will Trump's 538 approval rating be 49% or more on February 14?,will-trumps-538-approval-rating-be-49-or-more-on-february-14,trump-538-approval-rating-on-feb-14,Trump 538 approval rating on Feb 14?,gamma_backfill,Elections,NotRelevant,12,63,Y,Y,GENUINELY_AMBIGUOUS,approval-rating,same as #16
20,0xf6ff70ccf95bfa0554f4d4b7a2a08005f5be55957d3a5090f1bd2973237e230f,"Will anyone say ""Sexual"" or ""Harassment"" during 1st NYC mayoral debate on October 16?",will-anyone-say-sexual-or-harassment-during-1st-nyc-mayoral-debate-on-october-16-913,what-will-be-said-at-1st-nyc-mayoral-debate-on-october-16-288,What will be said at 1st NYC mayoral debate on October 16?,gamma_backfill,Elections,NotRelevant,6,85,Y,Y,CLASSIFIER_MISS,say/post-prop,scoped to an official NYC mayoral debate
21,0xac0000656eef181e74e37ac0fe4ead612754c80e4f98021a4e3d2f8be9797678,Will Trump meet with Jerome Powell by August 31?,will-trump-meet-with-jerome-powell-by-august-31,will-trump-meet-with-jerome-powell-by-august-31,Will Trump meet with Jerome Powell by August 31?,gamma_backfill,Geopolitics,NotRelevant,15,48,Y,Y,CLASSIFIER_MISS,official-meeting,a president's official diplomatic/institutional meeting
22,0xb36463935d61f9d6881646e18bb77c5c3b71c4ce7d32782e6598b60e95498210,"Will Trump say ""Boeing"" this week?",will-trump-say-boeing-this-week-256,what-will-trump-say-this-week-283,What will Trump say this week?,gamma_backfill,Geopolitics,NotRelevant,15,34,Y,Y,CLASSIFIER_MISS,say/post-prop,unscoped-event 'say' prop but subject is Trump in office; conduct in political capacity
23,0xbe83f073318a021636e408a556c3bd806d09e3175008a75e10dcd2a2981a6ad3,Trump Family launches coin by Friday?,trump-family-launches-coin-by-friday,trump-family-launches-coin-by-friday,Trump Family launches coin by Friday?,gamma_backfill,Geopolitics,NotRelevant,15,37,Y,Y,STORED_LABEL_ERROR,personal-business,"Trump family's commercial crypto-coin venture, not his official conduct"
24,0xc737985505dee6ec77e5a0a73d8c0c3c6733b18f1277fdff644b8fdaf2ff2ae6,"Will Volodymyr Zelenskyy say ""Elon"" during his Business Roundtable appearance?",will-volodymyr-zelenskyy-say-elon-during-his-business-roundtable-appearance,what-will-trump-say-during-business-roundtable-appearance-today,What will Trump say during Business Roundtable appearance today?,gamma_backfill,Geopolitics,NotRelevant,18,78,Y,Y,CLASSIFIER_MISS,say/post-prop,scoped to a Business Roundtable appearance (Zelenskyy)
25,0xc83834fd43682d912e56749fe99bb3e3f7e51324a461d59fafe6fbe6f0afa7b0,US grants license for new nuclear reactor in 2025?,us-grants-license-for-new-nuclear-reactor-in-2025,us-grants-license-for-new-nuclear-reactor-in-2025,US grants license for new nuclear reactor in 2025?,gamma_backfill,Geopolitics,NotRelevant,13,50,Y,Y,GENUINELY_AMBIGUOUS,domestic-regulatory,"'state action' but purely domestic nuclear licensing, no international-relations component -- boundary reading of the Geopolitics definition"
26,0x163f0a71361ecf540bdefe45619e91c596b51a033bbdde39d9ac7a94c4d2546f,Will Trump post 240 or more times on Truth Feb 21-28?,will-trump-post-240-or-more-times-on-truth-feb-21-28,donald-trump-of-truth-social-posts-feb-21-28,Donald Trump # of Truth Social posts Feb 21-28?,historical_backfill,Elections,NotRelevant,16,53,Y,Y,CLASSIFIER_MISS,truth-post-count,Truth Social post-count; his conduct in office
27,0x4a41eba8bd729f6c93e1fe66524168fd2a65ecccd3a88e6a1501a8635f00bdb7,Will Trump eliminate daylight saving time in first 100 days?,will-trump-eliminate-daylight-saving-time-in-first-100-days,will-trump-eliminate-daylight-saving-time-in-first-100-days,Will Trump eliminate daylight saving time in first 100 days?,historical_backfill,Elections,NotRelevant,15,60,Y,Y,CLASSIFIER_MISS,policy-action,a president's policy decision (DST) -- official conduct
28,0x8eb7da780a22ba84901551936753fce5f0082ea774efc0e19bcf93c88e6f47a8,Will Donald Trump visit Montana in 2026?,will-donald-trump-visit-montana-in-2026,which-states-will-donald-trump-visit-in-2026,Which states will Donald Trump visit in 2026?,historical_backfill,Elections,NotRelevant,7,40,Y,Y,CLASSIFIER_MISS,official-travel,presidential state-visit travel is official conduct
29,0xb394f6cc7ae147c16deebd8d14fc2997c421de73c77560aeb0be5b8586ba30c9,"Will Donald Trump publicly insult someone on June 26, 2026?",will-donald-trump-publicly-insult-someone-on-june-26-2026-493,will-trump-publicly-insult-someone-onptptpt,Will Trump publicly insult someone on...?,historical_backfill,Elections,NotRelevant,16,59,Y,Y,GENUINELY_AMBIGUOUS,personal-conduct-boundary,"'publicly insult someone' is behavior, not a policy act or vote; defensible either way under 'official conduct'"
30,0xb50e4eb3b151f97e8656e814953c818b12347e71a3924a62e19ef9d7ff4bb339,"Will Trump say ""Bitcoin"" 5+ times during his Bitcoin Conference speech?",will-trump-say-bitcoin-5-times-during-his-bitcoin-conference-speech,what-will-trump-say-during-his-bitcoin-conference-speech,What will Trump say during his Bitcoin Conference speech?,historical_backfill,Elections,NotRelevant,15,71,Y,Y,CLASSIFIER_MISS,say/post-prop,scoped to a Bitcoin Conference speech
31,0xcd53012542e36ebd0f8ed812361d02579e1c2c9b52127e4fa94c724173e835d1,"Will Trump say ""Moon"" during Saudi PM events on November 18?",will-trump-say-moon-during-saudi-pm-events-on-november-18,what-will-trump-say-during-saudi-pm-events-on-november-18,What will Trump say during Saudi PM events on November 18?,historical_backfill,Elections,NotRelevant,11,60,Y,Y,CLASSIFIER_MISS,say/post-prop,scoped to Saudi PM events -- diplomatic appearance
32,0xd17e65dbb48341946ae13b339629f2045377b72212e8619ee9f46e32000a4c4b,Will Trump pardon Steve Bannon in his first 100 days?,will-trump-pardon-steve-bannon-in-his-first-100-days,trump-pardons,Who will Trump pardon in first 100 days?,historical_backfill,Elections,NotRelevant,14,53,Y,Y,CLASSIFIER_MISS,official-action,presidential pardon -- official conduct
33,0xd1ba8493081fd81af8c49e17894520ed363e36496ccd57d06cc4459481bca887,"Will Trump say ""China"" 10 or more times during Pennsylvania rally on October 26?",will-trump-say-china-10-or-more-times-during-pennsylvania-rally-on-october-26,what-will-trump-say-during-pennsylvania-rally-oct-26,What will Trump say during Pennsylvania rally?,historical_backfill,Elections,NotRelevant,20,80,Y,Y,CLASSIFIER_MISS,say/post-prop,scoped to a campaign rally
34,0xd837e5deb894a485d1c4558e81c31ea2192205c9a15c114a06f69f558db2499e,Will Elon Musk rejoin the Trump Administration this year?,will-elon-musk-rejoin-the-trump-administration-this-year,will-elon-musk-rejoin-the-trump-administration-this-year,Will Elon Musk rejoin the Trump Administration this year?,historical_backfill,Elections,NotRelevant,20,57,Y,Y,CLASSIFIER_MISS,official-staffing,cabinet/administration staffing -- official conduct
35,0x8c77e475e157978c4329d3ead939b1dc9d240a18f1b7bc9cf8cf596cfd6eb5fa,Fact Check: Did the U.S. hit Iranian spy ship?,fact-check-did-the-us-hit-iranian-spy-ship,fact-check-did-the-us-hit-iranian-spy-ship,Fact Check: Did the U.S. hit Iranian spy ship?,historical_backfill,Geopolitics,NotRelevant,6,46,Y,Y,CLASSIFIER_MISS,geopolitics-conflict,US military action against an Iranian vessel -- armed conflict/state action
36,0xa4330e0b9eefc38851c2e077c3dfbfd94efc5c8dc97a21e1f63c112458a628d6,Will Donald Trump visit North Dakota in 2026?,will-donald-trump-visit-north-dakota-in-2026,which-states-will-donald-trump-visit-in-2026,Which states will Donald Trump visit in 2026?,historical_backfill,Geopolitics,NotRelevant,10,45,Y,Y,CLASSIFIER_MISS,official-travel,presidential state-visit travel
37,0xb6e4777d0bf9164b51e3445e7939d69003822cb34e1b020fe13a8e0d51016c58,Will Donald Trump be named in newly released Epstein files?,will-donald-trump-be-named-in-newly-released-epstein-files,who-will-be-named-in-newly-released-epstein-files,Who will be named in newly released Epstein files in 2025?,historical_backfill,Geopolitics,NotRelevant,1,59,Y,Y,GENUINELY_AMBIGUOUS,scandal-content,"about the *content* of released files naming Trump, not an official act he performed -- closer to personal implication than conduct"
38,0xd20eb008e614c013274107d205ddfc4971d5b63210fc32332896f8f80b323a8b,Trump strikes another drug boat by Sep 30?,will-trump-strikes-another-drug-boat-by-sep-30,will-trump-strikes-another-drug-boat-by-sep-30,Trump strikes another drug boat by Sep 30?,historical_backfill,Geopolitics,NotRelevant,16,42,Y,Y,CLASSIFIER_MISS,geopolitics-conflict,military strike -- armed conflict/state action
39,0x0204ef57d8c17643b87f09077d99190f6540f1211d238b140ed19e50fdd0639f,"Will Donald Trump post 200+ Truth Social posts from March 31 to April 7, 2026?",donald-trump-of-truth-social-posts-march-31-april-7-200plus,donald-trump-of-truth-social-posts-march-31-april-7,"Donald Trump # Truth Social posts March 31 - April 7, 2026?",live_monitoring,Elections,NotRelevant,16,78,Y,Y,CLASSIFIER_MISS,truth-post-count,Truth Social post-count; conduct in office
40,0x0d6ac84be8ecd406cde813368de76d133e1c1b7a3d8e74b5718c1d8964fa91de,Will Trump pardon Diddy by October 31?,will-trump-pardon-diddy-by-october-31,will-trump-pardon-diddy-by-october-31,Will Trump pardon Diddy by October 31?,live_monitoring,Elections,NotRelevant,12,38,Y,Y,CLASSIFIER_MISS,official-action,presidential pardon
41,0x0dc9832083677c8ac022380fc75ae771b25b470f50a1dbecbd58664c65e24b30,Will Trump tweet 30-34 times Nov 22-29?,will-trump-tweet-30-34-times-nov-22-29,donald-trump-of-tweets-nov-22-29,Donald Trump # of tweets Nov 22-29?,live_monitoring,Elections,NotRelevant,6,39,Y,Y,CLASSIFIER_MISS,tweet-count,tweet-count market; conduct in office
42,0x1673be7b7c9311a8de9a97cee95407a7704d0a1e97e683c2dfd40f285c933527,"Will Donald Trump post 60-79 Truth Social posts from May 19 to May 26, 2026?",arch-donald-trump-of-truth-social-posts-may-19-may-26-60-79,arch-donald-trump-of-truth-social-posts-may-19-may-26,"Donald Trump # Truth Social posts May 19 - May 26, 2026?",live_monitoring,Elections,NotRelevant,10,76,Y,Y,CLASSIFIER_MISS,truth-post-count,Truth Social post-count
43,0x1ddd793f4dd75101ed8af27abb4b33b05131319d7a4a36b7d8664988c90dda44,"Will Trump say ""Trump-Kennedy Center"" or ""Trump Kennedy"" in April?",will-trump-say-trump-kennedy-center-or-trump-kennedy-in-april,what-trump-named-things-will-trump-mention-in-april,What Trump-named things will Trump mention in April?,live_monitoring,Elections,NotRelevant,19,66,Y,Y,CLASSIFIER_MISS,say/post-prop,"unscoped 'say' prop, subject Trump in office"
44,0x22a566151b7e33470ab807668ff6f6342709f95d9cc01e69233ed72f5eace413,"Will 61 or more U.S. senators vote ""Yea"" on the next funding bill by October 31?",will-61-or-more-us-senators-vote-yea-on-the-next-funding-bill-by-october-31,how-many-us-senators-vote-yea-on-the-next-funding-bill,"How many U.S. senators vote ""Yea"" on the next funding bill by October 31?",live_monitoring,Elections,NotRelevant,16,80,Y,Y,CLASSIFIER_MISS,legislative-vote,a Senate roll-call vote outcome -- textbook Elections
45,0x22fde80de42805927ea42ab0c473abcd840770a2ddc0cb3295cf5b882919c1b0,"Will Trump’s approval rating be less than 37.5 on May 29, 2026?",will-trumps-approval-rating-be-less-than-37pt5-on-may-29-2026,trump-approval-rating-on-may-29,Trump approval rating on May 29?,live_monitoring,Elections,NotRelevant,12,63,Y,Y,GENUINELY_AMBIGUOUS,approval-rating,same boundary as #16
46,0x365f264f575021901e4affa2ced0295c9dc78a235c0d5b35209e81b914a1504f,"Italian solidary responsibility of the client, contractor, and subcontractor for injuries  referendum",italian-solidary-responsibility-of-the-client-contractor-and-subcontractor-for-injuries-referendum,italian-referendum,Italian Referendum,live_monitoring,Elections,NotRelevant,12,101,Y,Y,CLASSIFIER_MISS,referendum,literally a referendum -- textbook Elections
47,0x384cab27e0f54354fac44a08f46c6917b3ea9d3a144e7b8d9a31662157802c16,"Will 7 or more people leave the Trump Cabinet by December 31, 2026?",will-7-or-more-people-leave-the-trump-cabinet-by-december-31-2026,how-many-more-people-leave-the-trump-cabinet-this-year,How many more people leave the Trump cabinet this year?,live_monitoring,Elections,NotRelevant,16,67,Y,Y,CLASSIFIER_MISS,official-staffing-count,cabinet departures -- official conduct/staffing
48,0x3c6983baa8bd7828cdeb8114811d1a1b6df6a813678294033bdbfd2bd2d3fa82,"Will Donald Trump post 60-79 Truth Social posts from February 13 to February 20, 2026?",donald-trump-of-truth-social-posts-february-13-february-20-60-79,donald-trump-of-truth-social-posts-february-13-february-20,"Donald Trump # Truth Social posts February 13 - February 20, 2026?",live_monitoring,Elections,NotRelevant,17,86,Y,Y,CLASSIFIER_MISS,truth-post-count,Truth Social post-count
49,0x3ff0d19c21634033d0d3540d4821297ebf0d60becfc6732e001bb3db65f12cce,"Will Trump say ""Big beautiful deal"" during his May 13 interview?",will-trump-say-big-beautiful-deal-during-his-may-13-interview,what-will-trump-say-during-hannity-interview-on-may-13,What will Trump say during Hannity interview on May 13?,live_monitoring,Elections,NotRelevant,9,64,Y,Y,CLASSIFIER_MISS,say/post-prop,scoped to a named interview
50,0x3ffbe525251ac888a854af69cbe683a5da6da0661dbb118ff9c527e0f61b511c,Will Trump issue an executive order on February 15?,will-trump-issue-an-executive-order-on-february-15,will-trump-issue-an-executive-order-on-february-15,Will Trump issue an executive order on February 15?,live_monitoring,Elections,NotRelevant,14,51,Y,Y,CLASSIFIER_MISS,official-action,executive order -- official conduct
51,0x4080862f24218a65831fc4bb51395690c028fe3065d27b10da98e1a95ae02057,Will Trump pardon Hunter Biden in 2025?,will-trump-pardon-hunter-biden-in-2025-336-867-874,who-will-trump-pardon-in-2025,Who will Trump pardon in 2025?,live_monitoring,Elections,NotRelevant,19,39,Y,Y,CLASSIFIER_MISS,official-action,presidential pardon
52,0x40d49050a9d99b65af38f17587887015ca52eeff91821faad330c6539763fac5,"Will Donald Trump post 80-99 Truth Social posts from May 15 to May 22, 2026?",donald-trump-of-truth-social-posts-may-15-may-22-80-99,donald-trump-of-truth-social-posts-may-15-may-22,"Donald Trump # Truth Social posts May 15 - May 22, 2026?",live_monitoring,Elections,NotRelevant,15,76,Y,Y,CLASSIFIER_MISS,truth-post-count,Truth Social post-count
53,0x41c9ea471e832676b9c67ef475dc7c978a5c3a1c5df4e5163431bec2d174c16f,Will Pam Bondi be the first to leave the Trump Cabinet before 2027?,will-pam-bondi-be-the-first-to-leave-the-trump-cabinet-before-2027-747,who-will-be-the-first-to-leave-the-trump-cabinet-828,Who will be the first to leave the Trump Cabinet?,live_monitoring,Elections,NotRelevant,4,67,Y,Y,CLASSIFIER_MISS,official-staffing,cabinet departure order
54,0x426cc911ba800b7de5de27ad1e6363733bd9fc9411bff8032399792ebb882ba9,"Will Trump post ""Make Iran Great Again"" or ""MIGA"" on Truth Social this week?",will-trump-post-make-iran-great-again-or-miga-on-truth-social-this-week,what-will-trump-post-this-week-april-6-april-12,What will Trump post this week? (April 6 - April 12),live_monitoring,Elections,NotRelevant,7,76,Y,Y,CLASSIFIER_MISS,say/post-prop,Truth Social post content -- conduct in office
55,0x47dd8effe5d8fc842045c1a893b66a5b9c104a97f48ab7e11f17d2b4a2bc1ce5,"Will Leavitt say ""President"" 66+ times during the next White House Press Briefing?",will-leavitt-say-president-66-times-during-the-next-white-house-press-briefing-528,what-will-karoline-leavitt-say-during-the-next-white-house-press-briefing-199,What will Karoline Leavitt say during the next White House press briefing?,live_monitoring,Elections,NotRelevant,3,82,Y,Y,CLASSIFIER_MISS,say/post-prop,WH Press Secretary briefing -- official political-capacity conduct
56,0x546ee40fd8a813f43c42ef8dc8bba665cadffff0d26400b1bba45e480d9e45fa,"Will Trump say ""Win Win Win"" during Kentucky visit?",will-trump-say-win-win-win-during-kentucky-visit,what-will-trump-say-during-kentucky-visit,What will Trump say during Kentucky visit? ,live_monitoring,Elections,NotRelevant,18,51,Y,Y,CLASSIFIER_MISS,say/post-prop,scoped to an official visit
57,0x55fd88a3d642a74af3a2ea4735f076129525841e7825b6f2939bf613f1454a9a,$100m in $WLFI sold before election?,10b-wlfi-sold-before-election,10b-wlfi-sold-before-election,$100m in $WLFI sold before election?,live_monitoring,Elections,NotRelevant,9,36,Y,Y,STORED_LABEL_ERROR,financial-crypto,"crypto token sale timed relative to 'the election' -- election is a timestamp reference, not the resolution condition; keyword collision"
58,0x5f221dfa49db04ef809abec8ebeee57c120f6f56bc13958729e688c6a6c75912,Will Trump’s approval rating be less than 40.5 on November 21 2025?,will-trumps-approval-rating-be-less-than-40pt5-on-november-21-2025,trump-approval-rating-on-november-21,Trump approval rating on November 21?,live_monitoring,Elections,NotRelevant,8,67,Y,Y,GENUINELY_AMBIGUOUS,approval-rating,same boundary as #16
59,0x6125a4aced2daf5f46687e97711ea3f1228b7560cd9fb145eb21d7346f02e03d,Trump approval Up or Down this week?,trump-approval-up-or-down-this-week-128,trump-approval-up-or-down-this-week-128,Trump approval Up or Down this week?,live_monitoring,Elections,NotRelevant,12,36,Y,Y,GENUINELY_AMBIGUOUS,approval-rating,same boundary as #16 (directional variant)
60,0x74bf674f5798b2026ad11cf9e573faed87fd268e6ed99b416e94fc7df24533d3,"Will Donald Trump post 80-99 Truth Social posts from May 5 to May 12, 2026?",donald-trump-of-truth-social-posts-may-5-may-12-80-99,donald-trump-of-truth-social-posts-may-5-may-12,"Donald Trump # Truth Social posts May 5 - May 12, 2026?",live_monitoring,Elections,NotRelevant,14,75,Y,Y,CLASSIFIER_MISS,truth-post-count,Truth Social post-count
61,0x7d0ef777b27d61ff00ef4b2709e76067d9bdc956803f41b0b7a2cb680e44b8e1,Trump approval Up or Down this week?,trump-approval-up-or-down-this-week-857,trump-approval-up-or-down-this-week-857,Trump approval Up or Down this week?,live_monitoring,Elections,NotRelevant,7,36,Y,Y,GENUINELY_AMBIGUOUS,approval-rating,duplicate of #59 pattern
62,0x7df9d4b20a02de144aa9fa474a16c43ebec26213a757b5b4605038952a0fed87,Will Trump's approval rating be between 48% and 50% on January 31?,will-trumps-approval-rating-be-between-48-and-50-on-january-31,trump-approval-on-rating-on-january-31,Trump approval on rating on January 31?,live_monitoring,Elections,NotRelevant,1,66,Y,Y,GENUINELY_AMBIGUOUS,approval-rating,same boundary as #16
63,0x81f7535972fd19c3143983d6b7d09b92ac3c55a7d0236b17dfd4ecffc031442c,"Will Trump or Melania say ""Filibuster"" at Chicago Opening Night?",will-trump-or-melania-say-filibuster-at-chicago-opening-night,what-will-trump-and-melania-say-during-chicago-opening-night,What will Trump and Melania say during Chicago Opening Night? ,live_monitoring,Elections,NotRelevant,15,64,Y,Y,CLASSIFIER_MISS,say/post-prop,scoped to a named public event
64,0x845d778211c58d3effac500c1572c3186e0c0fce49a103ef181b38c7a29b2a73,"Will Donald Trump post 20-39 Truth Social posts from April 17 to April 24, 2026?",donald-trump-of-truth-social-posts-april-17-april-24-20-39,donald-trump-of-truth-social-posts-april-17-april-24,"Donald Trump # Truth Social posts April 17 - April 24, 2026?",live_monitoring,Elections,NotRelevant,7,80,Y,Y,CLASSIFIER_MISS,truth-post-count,Truth Social post-count
65,0x874085a677b21582313e8d554c9093877da981b925bc33fe503789072188f8de,Will Linda McMahon be the first to leave the Trump Cabinet before 2027?,will-linda-mcmahon-be-the-first-to-leave-the-trump-cabinet-before-2027-163,who-will-be-the-first-to-leave-the-trump-cabinet-828,Who will be the first to leave the Trump Cabinet?,live_monitoring,Elections,NotRelevant,12,71,Y,Y,CLASSIFIER_MISS,official-staffing,cabinet departure order
66,0xac52d40481f2e827216777035ccb86a26502095a5260f3cff5b8e1eddcb1f34e,"Will Donald Trump post 20-39 Truth Social posts from May 29 to June 5, 2026?",donald-trump-of-truth-social-posts-may-29-june-5-20-39,donald-trump-of-truth-social-posts-may-29-june-5,"Donald Trump # Truth Social posts May 29 - June 5, 2026?",live_monitoring,Elections,NotRelevant,14,76,Y,Y,CLASSIFIER_MISS,truth-post-count,Truth Social post-count
67,0xad2322b0393370f56bb8fc7352e57d31033353344d187446ad8ab300ed0eb96c,"Will Trump say ""Elon"" 5 or more times during Michigan rally on October 25?",will-trump-say-elon-5-or-more-times-during-michigan-rally-on-october-25,what-will-trump-say-during-michigan-rally-oct-25,What will Trump say during Michigan rally?,live_monitoring,Elections,NotRelevant,15,74,Y,Y,CLASSIFIER_MISS,say/post-prop,scoped to a campaign rally
68,0xad2857ab028c7fbfbc68afc3237bae9dd41a18779bd22f33423087804c64ab1a,"Will anyone say ""Immigrant"" or ""Migrant"" 10+ times during 2nd NYC mayoral debate on October 22?",will-anyone-say-immigrant-or-migrant-10-times-during-2nd-nyc-mayoral-debate-on-october-22,what-will-be-said-at-2nd-nyc-mayoral-debate,What will be said at 2nd NYC mayoral debate?,live_monitoring,Elections,NotRelevant,18,95,Y,Y,CLASSIFIER_MISS,say/post-prop,scoped to an official NYC mayoral debate
69,0xadead85ecce93271522ec40b8ebfe3416899f2b8a77584ef06a3bb25c95e963a,"Will Donald Trump post 140-159 Truth Social posts from February 17 to February 24, 2026?",donald-trump-of-truth-social-posts-february-17-february-24-140-159,donald-trump-of-truth-social-posts-february-17-february-24,"Donald Trump # Truth Social posts February 17 - February 24, 2026?",live_monitoring,Elections,NotRelevant,13,88,Y,Y,CLASSIFIER_MISS,truth-post-count,Truth Social post-count
70,0xb661ffa7fe2e634da9821d7a12a27ef21329c44302fdb5e5a13c754f81e0984f,"Will Donald Trump post 0-19 Truth Social posts from April 24 to May 1, 2026?",donald-trump-of-truth-social-posts-april-24-may-1-0-19,donald-trump-of-truth-social-posts-april-24-may-1,"Donald Trump # Truth Social posts April 24 - May 1, 2026?",live_monitoring,Elections,NotRelevant,13,76,Y,Y,CLASSIFIER_MISS,truth-post-count,Truth Social post-count
71,0xbd917a2f3a3edb6c1a1166b5aece23d21333db148b81402f6ad724f74d4adb02,Will Donald Trump visit Michigan in 2026?,will-donald-trump-visit-michigan-in-2026,which-states-will-donald-trump-visit-in-2026,Which states will Donald Trump visit in 2026?,live_monitoring,Elections,NotRelevant,20,41,Y,Y,CLASSIFIER_MISS,official-travel,presidential state-visit travel
72,0xbf41c2452187f46fab6c463c801c5205d1b574409896ff406fb2a201dbb1abda,"Will Donald Trump post 60-79 Truth Social posts from June 2 to June 9, 2026?",donald-trump-of-truth-social-posts-june-2-june-9-60-79,donald-trump-of-truth-social-posts-june-2-june-9,"Donald Trump # Truth Social posts June 2 - June 9, 2026?",live_monitoring,Elections,NotRelevant,10,76,Y,Y,CLASSIFIER_MISS,truth-post-count,Truth Social post-count
73,0xc3d4691705e7faf887878a43c9de85300978b6ea6b06c0ca4d8345d75dc0b2ce,Will Trump admin release any more Epstein related files by January 31?,will-trump-admin-release-any-more-epstein-related-files-by-january-31-786,will-trump-admin-release-any-more-epstein-related-files-by-845,Will Trump admin release any more Epstein related files by...?,live_monitoring,Elections,NotRelevant,18,70,Y,Y,CLASSIFIER_MISS,official-action,administration document-release policy -- official conduct
74,0xc89de67b28caeca245a4a2cac8018d68b93de5edbc3b153234b0810704d1abd7,"Will Donald Trump post 120-139 Truth Social posts from March 27 to April 3, 2026?",donald-trump-of-truth-social-posts-march-27-april-3-120-139,donald-trump-of-truth-social-posts-march-27-april-3,"Donald Trump # Truth Social posts March 27 - April 3, 2026?",live_monitoring,Elections,NotRelevant,18,81,Y,Y,CLASSIFIER_MISS,truth-post-count,Truth Social post-count
75,0xd0eaa0fdd25dddf9d3e3e959f3761b1fb2860077c6e330006ec71958755d229e,"Will Donald Trump post 120-139 Truth Social posts from February 17 to February 24, 2026?",donald-trump-of-truth-social-posts-february-17-february-24-120-139,donald-trump-of-truth-social-posts-february-17-february-24,"Donald Trump # Truth Social posts February 17 - February 24, 2026?",live_monitoring,Elections,NotRelevant,13,88,Y,Y,CLASSIFIER_MISS,truth-post-count,Truth Social post-count
76,0xd4c2c5f0984232f36f8102d2f54cba44744a78afbe5f6309cf18e2a8d44c417c,duplicate Will Robert F. Kennedy Jr. be the first to leave the Trump Cabinet before 2027?,duplicate-will-robert-f-kennedy-jr-be-the-first-to-leave-the-trump-cabinet-before-2027,first-out-of-trump-cabinet-by-end-of-2026-duplicate,First out of Trump Cabinet by end of 2026? (Duplicate),live_monitoring,Elections,NotRelevant,12,89,Y,Y,CLASSIFIER_MISS,official-staffing,cabinet departure order (duplicate market)
77,0xd81d41fce13cf19021d62bc513faffb33ff79601aaa83692803153fa256464f2,Will Newsom announce presidential run by June 2025?,,,,live_monitoring,Elections,NotRelevant,10,51,N,N,CLASSIFIER_MISS,candidacy-declaration,declaring a run for president -- textbook Elections; title-only row
78,0xe0af5336ccf9e2d280c9b63b010a55f1734fc2b4bee50cd1f92686274d84b241,"Will Trump mention ""Joe/Joseph Biden"" 5 or more times during his CNN town hall?",will-trump-mention-joejoseph-biden-5-or-more-times-during-his-cnn-town-hall,trump-cnn-town-hall-will-he-mention,Trump CNN Town Hall: Will he mention...?,live_monitoring,Elections,NotRelevant,14,79,Y,Y,CLASSIFIER_MISS,say/post-prop,scoped to a CNN town hall
79,0xe514eddef85af0b96b09ed6e33aec1d28c7b59709c8ca06fcfa4093ca7eebbb8,"Will Donald Trump post 180-199 Truth Social posts from February 10 to February 17, 2026?",donald-trump-of-truth-social-posts-february-10-february-17-180-199,donald-trump-of-truth-social-posts-february-10-february-17,"Donald Trump # Truth Social posts February 10 - February 17, 2026?",live_monitoring,Elections,NotRelevant,16,88,Y,Y,CLASSIFIER_MISS,truth-post-count,Truth Social post-count
80,0xedc1dcb14a793960b24348df8d2fb56510ccf115b916eab224446ac1b4ae9642,Will Trump admin release any more Epstein related files by January 10?,will-trump-admin-release-any-more-epstein-related-files-by-january-10,will-trump-admin-release-any-more-epstein-related-files-by-845,Will Trump admin release any more Epstein related files by...?,live_monitoring,Elections,NotRelevant,16,70,Y,Y,CLASSIFIER_MISS,official-action,administration document-release policy
81,0xf1a940979663f0a3b0d4d2ff3de00e8a4e83a3b886f64fd67ebb2577fd31f1fc,"Will Starmer say ""Mr. Speaker"" 30+ times during the next Prime Minister's Questions event?",will-starmer-say-mr-speaker-30-times-during-the-next-prime-ministers-questions-event-914,what-will-keir-starmer-say-at-the-next-prime-ministers-questions-event-785,What will Keir Starmer say at the next Prime Minister's Questions event?,live_monitoring,Elections,NotRelevant,14,90,Y,Y,CLASSIFIER_MISS,say/post-prop,scoped to PMQs
82,0x074b0d571395e427d72d641fbf163b902a4b9cd44b7cb3eff1b512f36c431267,Will Trump admin release any more Epstein related files by January 24?,will-trump-admin-release-any-more-epstein-related-files-by-january-24-671,will-trump-admin-release-any-more-epstein-related-files-by-816,Will Trump admin release any more Epstein related files by...?,live_monitoring,Geopolitics,NotRelevant,13,70,Y,Y,CLASSIFIER_MISS,official-action,administration document-release policy
83,0x0c8c6e76e58db526c86d410dd172b6ff4389d7e3b25c1470ec856eadcfbc7d5a,"Will Leavitt say ""Russia"" or ""Ukraine"" during the next White House Press Briefing?",will-leavitt-say-russia-or-ukraine-during-the-next-white-house-press-briefing-637,what-will-karoline-leavitt-say-during-the-next-white-house-press-briefing-199,What will Karoline Leavitt say during the next White House press briefing?,live_monitoring,Geopolitics,NotRelevant,13,82,Y,Y,CLASSIFIER_MISS,say/post-prop,scoped to WH press briefing; content itself geopolitics-adjacent
84,0x16c3cf8cc82b201e7acbad98afea9f9f54a8e114d0b2060c8e2a9b5770842b8f,"Will Karoline Leavitt say ""President"" 50+ times during next White House press briefing?",will-karoline-leavitt-say-president-50-times-during-next-white-house-press-briefing-782,what-will-karoline-leavitt-say-during-next-white-house-press-briefing-121,What will Karoline Leavitt say during next White House press briefing?,live_monitoring,Geopolitics,NotRelevant,10,87,Y,Y,CLASSIFIER_MISS,say/post-prop,scoped to WH press briefing
85,0x234a3f45e7e5f9bfb2251351b06fdbe764e69261c6a8ba0ac76b398ccbcb491d,"Will Trump say ""Million"" or ""Billion"" or ""Trillion"" 12+ times during Saudi Investment Forum on November 19?",will-trump-say-million-or-billion-or-trillion-12-times-during-saudi-investment-forum-on-november-19,what-will-trump-say-during-saudi-investment-forum-on-november-19,What will Trump say during Saudi Investment Forum on November 19?,live_monitoring,Geopolitics,NotRelevant,7,107,Y,Y,CLASSIFIER_MISS,say/post-prop,scoped to Saudi Investment Forum -- diplomatic appearance
86,0x2ed774d0018504eecdb36868546049159b0fe8fdfb6135b9953ac813c0fdeb60,"Will Jerome Powell say ""Russia"" during the May meeting?",will-jerome-powell-say-russia-during-the-may-meeting,what-will-powell-say-during-may-press-conference,What will Powell say during May Press Conference?,live_monitoring,Geopolitics,NotRelevant,16,55,Y,Y,CLASSIFIER_MISS,say/post-prop,scoped to an official Fed meeting; Powell's political-capacity conduct as a government official (boundary: not an elected figure)
87,0x3cde4dc6946ec2e69bd8bd377745c983264bc598910191e439a32a224bb8469b,Will Ukraine win?,will-ukraine-win,euro-2024-ukraine-vs-belgium,Euro 2024: Ukraine vs. Belgium,live_monitoring,Geopolitics,NotRelevant,16,17,Y,Y,STORED_LABEL_ERROR,sports-keyword-collision,"Euro 2024 soccer match (Ukraine vs Belgium); 'Ukraine' matched as a country-name keyword, market is sports"
88,0x4a4557265675ef9d5f92e84ebf0ae5dcddb515e6adb8cc3902196c2395457a87,"Will Zelenskyy post 120-139 posts from April 3 to April 10, 2026?",zelenskyy-of-tweets-april-3-april-10-2026-120-139,zelenskyy-of-tweets-april-3-april-10-2026,"Zelenskyy # posts April 3 - April 10, 2026?",live_monitoring,Geopolitics,NotRelevant,17,65,Y,Y,CLASSIFIER_MISS,post-count,head-of-state post-count -- conduct in office (Zelenskyy)
89,0x4f6478783f99c86a2bbdadd520e407a8b8b6dbd62dbada09126d0dfab29ee99d,"UK Cabinet Minister resigns by May 31, 2026?",uk-cabinet-minister-resigns-by-may-31-2026,uk-cabinet-minister-resigns-in-february,UK Cabinet Minister resigns by...?,live_monitoring,Geopolitics,NotRelevant,18,44,Y,Y,CLASSIFIER_MISS,official-staffing/geo,UK government minister resignation -- official conduct of a foreign government
90,0x60c5e3132a0c1ef1ce3af030de3da410c90b00b5c17b849155b2a4cb78d51e0b,"Will Trump say ""Crypto / Bitcoin"" during King Charles visit?",will-trump-say-crypto-bitcoin-during-king-charles-visit,what-will-trump-say-during-bilateral-events-with-king-charles,What will Trump say during bilateral events with King Charles? ,live_monitoring,Geopolitics,NotRelevant,16,60,Y,Y,CLASSIFIER_MISS,say/post-prop,scoped to a diplomatic state visit (King Charles)
91,0x63175fef7cdb88dbd028083cc3395422aecae12a971ea57042d7f4b6cd5789c8,Will Trump meet with Jerome Powell by July 31?,will-trump-meet-with-jerome-powell-by-july-31,will-trump-meet-with-jerome-powell-by-july-31,Will Trump meet with Jerome Powell by July 31?,live_monitoring,Geopolitics,NotRelevant,11,46,Y,Y,CLASSIFIER_MISS,official-meeting,presidential official meeting
92,0x6338304dbe9b178decd25c8c2f448d2efbfb810fa5aff4a96512912e56bcff78,Trump eliminates capital gains tax on crypto in 2025?,trump-eliminates-capital-gains-tax-on-crypto-in-2025,trump-eliminates-capital-gains-tax-on-crypto-in-2025,Trump eliminates capital gains tax on crypto by ___?,live_monitoring,Geopolitics,NotRelevant,16,53,Y,Y,CLASSIFIER_MISS,policy-action,presidential tax-policy action
93,0x71ea693fbb162922fd59003cba9eef22b631432d02ead9db49879dcdc62df399,Will Trump's joint address to Congress be 80 min or more?,will-trumps-joint-address-to-congress-be-80-min-or-more,how-long-will-trumps-state-of-the-union-be,How long will Trump's address to Congress be?,live_monitoring,Geopolitics,NotRelevant,7,57,Y,Y,CLASSIFIER_MISS,speech-length,joint address to Congress -- appearance scoped to a core political event
94,0x78fad93c8b41a222b40dbc440d492a97b52df0e0577ae9a3dfcec99705ca147a,Internet access restored in Iran by Friday?,internet-access-restored-in-iran-by-friday-263,internet-access-restored-in-iran-by-friday-263,Internet access restored in Iran by Friday?,live_monitoring,Geopolitics,NotRelevant,9,43,Y,Y,CLASSIFIER_MISS,geopolitics-conflict,international/state-action event (Iran connectivity)
95,0x7ec0ac0fcccfda0982c1a3930620c401801e94853d4f43b058270fb95f1b268b,Will Trump be photographed every day this week? (5/18-5/24),will-trump-be-photographed-every-day-this-week-518-524,will-trump-be-photographed-every-day-this-week-518-524,Will Trump be photographed every day this week? (5/18-5/24),live_monitoring,Geopolitics,NotRelevant,12,59,Y,Y,GENUINELY_AMBIGUOUS,personal-appearance,being photographed is not conduct/policy; boundary personal-vs-official
96,0x7eccc83abc15326732bfb878eb03cebd3a1eca6164e999b0dfda919169070f9d,"Will Donald Trump dance on May 18, 2026?",will-donald-trump-dance-on-may-18-2026,will-trump-dance-on,Will Trump dance on...?,live_monitoring,Geopolitics,NotRelevant,15,40,Y,Y,STORED_LABEL_ERROR,personal/entertainment,"novelty/personal market, not conduct"
97,0x81f5da084e14e2486f01ca1bd434b7116c4a9cea597799a2e3d5084826bb6544,Will Trump meet with Lai Ching-te in 2025?,will-trump-meet-with-lai-ching-te-in-2025,who-will-trump-meet-with-in-2025,Who will Trump meet with in 2025?,live_monitoring,Geopolitics,NotRelevant,13,42,Y,Y,CLASSIFIER_MISS,diplomatic-meeting,presidential meeting with a foreign head of state (Taiwan)
98,0x8bacebc4b3c781cc779488a797c245e58c7214b6da6e77eba55c53d4ca270ea1,Will IR Iran win on 2025-10-14?,fif-irn-tan-2025-10-14-irn,fif-irn-tan-2025-10-14,IR Iran vs. Tanzania,live_monitoring,Geopolitics,NotRelevant,18,31,Y,Y,STORED_LABEL_ERROR,sports-keyword-collision,"FIFA soccer match (Iran vs Tanzania); 'Iran' matched as a country-name keyword, market is sports"
99,0x8f16479052592742f98dfa9603eddb75ff97752e5f73f194f2765632a95ada26,U.S. sovereign wealth fund operational in Trump's first 100 days?,will-us-sovereign-wealth-fund-operational-in-trumps-first-100-days,will-us-sovereign-wealth-fund-operational-in-trumps-first-100-days,U.S. sovereign wealth fund operational in Trump's first 100 days?,live_monitoring,Geopolitics,NotRelevant,5,65,Y,Y,CLASSIFIER_MISS,state-economic-action,federal government economic-policy initiative -- 'state action'
100,0xf86df821bd41f20c0b67674bfc03a7db9408bc336103ffdf9675cb8e313797f1,Will the US federal government take a stake in NVIDIA Corporation?,will-the-us-federal-government-take-a-stake-in-nvidia-corporation,which-companies-will-the-us-take-a-stake-in,Which companies will the US take a stake in?,live_monitoring,Geopolitics,NotRelevant,14,66,Y,Y,CLASSIFIER_MISS,state-economic-action,federal government equity-stake action -- 'state action'
